countrygrouprelationid,countrygroupid,countryid
1,5100,12
2,5100,24
3,5100,204
4,5100,72
5,5100,854
6,5100,108
7,5100,132
8,5100,120
9,5100,140
10,5100,148
11,5100,86
12,5100,174
13,5100,178
14,5100,384
15,5100,180
16,5100,262
17,5100,818
18,5100,226
19,5100,232
20,5100,748
21,5100,231
22,5100,230
23,5100,260
24,5100,266
25,5100,270
26,5100,288
27,5100,324
28,5100,624
29,5100,404
30,5100,426
31,5100,430
32,5100,434
33,5100,450
34,5100,454
35,5100,466
36,5100,478
37,5100,480
38,5100,175
39,5100,504
40,5100,508
41,5100,516
42,5100,562
43,5100,566
44,5100,638
45,5100,646
46,5100,654
47,5100,678
48,5100,686
49,5100,690
50,5100,694
51,5100,706
52,5100,710
53,5100,728
54,5100,729
55,5100,736
56,5100,768
57,5100,788
58,5100,800
59,5100,834
60,5100,875
61,5100,732
62,5100,894
63,5100,716
64,5200,660
65,5200,28
66,5200,32
67,5200,533
68,5200,44
69,5200,52
70,5200,84
71,5200,60
72,5200,68
73,5200,535
74,5200,74
75,5200,76
76,5200,92
77,5200,124
78,5200,29.01
79,5200,136
80,5200,152
81,5200,170
82,5200,188
83,5200,192
84,5200,531
85,5200,212
86,5200,214
87,5200,218
88,5200,222
89,5200,238
90,5200,254
91,5200,304
92,5200,308
93,5200,312
94,5200,320
95,5200,328
96,5200,332
97,5200,340
98,5200,388
99,5200,474
100,5200,484
101,5200,500
102,5200,530
103,5200,558
104,5200,21.01
105,5200,591
106,5200,600
107,5200,604
108,5200,630
109,5200,652
110,5200,659
111,5200,662
112,5200,666
113,5200,670
114,5200,663
115,5200,534
116,5200,283
117,5200,239
118,5200,740
119,5200,780
120,5200,796
121,5200,840
122,5200,850
123,5200,858
124,5200,862
125,5848,16
126,5848,660
127,5848,533
128,5848,36
129,5848,40
130,5848,112
131,5848,56
132,5848,58
133,5848,60
134,5848,92
135,5848,100
136,5848,124
137,5848,136
138,5848,830
139,5848,191
140,5848,196
141,5848,203
142,5848,200
143,5848,208
144,5848,233
145,5848,238
146,5848,234
147,5848,246
148,5848,250
149,5848,254
150,5848,258
151,5848,276
152,5848,292
153,5848,300
154,5848,304
155,5848,312
156,5848,316
157,5848,348
158,5848,352
159,5848,372
160,5848,833
161,5848,380
162,5848,392
163,5848,428
164,5848,438
165,5848,440
166,5848,442
167,5848,470
168,5848,474
169,5848,175
170,5848,492
171,5848,500
172,5848,528
173,5848,530
174,5848,540
175,5848,554
176,5848,574
177,5848,580
178,5848,578
179,5848,612
180,5848,616
181,5848,620
182,5848,630
183,5848,638
184,5848,642
185,5848,643
186,5848,654
187,5848,666
188,5848,703
189,5848,705
190,5848,724
191,5848,744
192,5848,752
193,5848,756
194,5848,772
195,5848,792
196,5848,796
197,5848,804
198,5848,826
199,5848,840
200,5848,850
201,5848,810
202,5848,876
203,5600,10
204,5300,4
205,5300,51
206,5300,31
207,5300,48
208,5300,50
209,5300,64
210,5300,96
211,5300,116
212,5300,159
213,5300,344
214,5300,446
215,5300,156
216,5300,158
217,5300,196
218,5300,408
219,5300,268
220,5300,356
221,5300,360
222,5300,364
223,5300,368
224,5300,376
225,5300,392
226,5300,400
227,5300,398
228,5300,414
229,5300,417
230,5300,418
231,5300,422
232,5300,458
233,5300,462
234,5300,496
235,5300,104
236,5300,524
237,5300,512
238,5300,586
239,5300,275
240,5300,608
241,5300,634
242,5300,410
243,5300,682
244,5300,702
245,5300,144
246,5300,760
247,5300,762
248,5300,764
249,5300,626
250,5300,792
251,5300,795
252,5300,784
253,5300,860
254,5300,704
255,5300,887
256,5300,886
257,5300,720
258,5501,36
259,5501,162
260,5501,166
261,5501,334
262,5501,554
263,5501,574
264,5206,660
265,5206,28
266,5206,533
267,5206,44
268,5206,52
269,5206,535
270,5206,92
271,5206,29.01
272,5206,136
273,5206,192
274,5206,531
275,5206,212
276,5206,214
277,5206,308
278,5206,312
279,5206,332
280,5206,388
281,5206,474
282,5206,500
283,5206,530
284,5206,630
285,5206,652
286,5206,659
287,5206,662
288,5206,670
289,5206,663
290,5206,534
291,5206,780
292,5206,796
293,5206,850
294,5857,51
295,5857,31
296,5857,268
297,5857,398
298,5857,417
299,5857,762
300,5857,795
301,5857,860
302,5204,84
303,5204,188
304,5204,222
305,5204,320
306,5204,340
307,5204,484
308,5204,558
309,5204,591
310,5301,398
311,5301,417
312,5301,762
313,5301,795
314,5301,860
315,5306,4
316,5306,50
317,5306,64
318,5306,356
319,5306,364
320,5306,398
321,5306,417
322,5306,462
323,5306,524
324,5306,586
325,5306,144
326,5306,762
327,5306,795
328,5306,860
329,5101,108
330,5101,86
331,5101,174
332,5101,262
333,5101,232
334,5101,231
335,5101,230
336,5101,260
337,5101,404
338,5101,450
339,5101,454
340,5101,480
341,5101,175
342,5101,508
343,5101,638
344,5101,646
345,5101,690
346,5101,706
347,5101,728
348,5101,800
349,5101,834
350,5101,894
351,5101,716
352,5302,159
353,5302,344
354,5302,446
355,5302,156
356,5302,158
357,5302,408
358,5302,392
359,5302,496
360,5302,410
361,5829,408
362,5829,496
363,5829,410
364,5825,344
365,5825,446
366,5825,156
367,5825,408
368,5825,496
369,5825,410
370,5307,96
371,5307,116
372,5307,159
373,5307,344
374,5307,446
375,5307,156
376,5307,158
377,5307,408
378,5307,360
379,5307,392
380,5307,418
381,5307,458
382,5307,496
383,5307,104
384,5307,608
385,5307,410
386,5307,702
387,5307,764
388,5307,626
389,5307,704
390,5401,112
391,5401,100
392,5401,203
393,5401,200
394,5401,348
395,5401,616
396,5401,498
397,5401,642
398,5401,643
399,5401,703
400,5401,804
401,5401,810
402,5400,248
403,5400,8
404,5400,20
405,5400,40
406,5400,112
407,5400,56
408,5400,58
409,5400,70
410,5400,100
411,5400,830
412,5400,191
413,5400,203
414,5400,200
415,5400,208
416,5400,233
417,5400,234
418,5400,246
419,5400,250
420,5400,276
421,5400,280
422,5400,278
423,5400,292
424,5400,300
425,5400,831
426,5400,336
427,5400,348
428,5400,352
429,5400,372
430,5400,833
431,5400,380
432,5400,832
433,5400,412
434,5400,428
435,5400,438
436,5400,440
437,5400,442
438,5400,470
439,5400,492
440,5400,499
441,5400,528
442,5400,807
443,5400,154.01
444,5400,578
445,5400,616
446,5400,620
447,5400,498
448,5400,642
449,5400,643
450,5400,674
451,5400,688
452,5400,891
453,5400,703
454,5400,705
455,5400,715
456,5400,724
457,5400,744
458,5400,752
459,5400,756
460,5400,804
461,5400,826
462,5400,810
463,5400,155.01
464,5400,890
465,5707,40
466,5707,56
467,5707,58
468,5707,100
469,5707,191
470,5707,196
471,5707,203
472,5707,208
473,5707,233
474,5707,246
475,5707,250
476,5707,276
477,5707,280
478,5707,278
479,5707,300
480,5707,348
481,5707,372
482,5707,380
483,5707,428
484,5707,440
485,5707,442
486,5707,470
487,5707,528
488,5707,616
489,5707,620
490,5707,642
491,5707,703
492,5707,705
493,5707,724
494,5707,752
495,9010,20
496,9010,28
497,9010,32
498,9010,36
499,9010,40
500,9010,44
501,9010,48
502,9010,52
503,9010,56
504,9010,60
505,9010,96
506,9010,124
507,9010,152
508,9010,344
509,9010,446
510,9010,158
511,9010,191
512,9010,196
513,9010,203
514,9010,208
515,9010,233
516,9010,246
517,9010,250
518,9010,258
519,9010,276
520,9010,300
521,9010,304
522,9010,348
523,9010,352
524,9010,372
525,9010,376
526,9010,380
527,9010,392
528,9010,414
529,9010,428
530,9010,440
531,9010,442
532,9010,470
533,9010,528
534,9010,540
535,9010,554
536,9010,578
537,9010,512
538,9010,585
539,9010,591
540,9010,616
541,9010,620
542,9010,630
543,9010,634
544,9010,410
545,9010,659
546,9010,682
547,9010,690
548,9010,702
549,9010,703
550,9010,705
551,9010,724
552,9010,752
553,9010,756
554,9010,780
555,9010,784
556,9010,826
557,9010,840
558,9010,858
559,5802,4
560,5802,51
561,5802,31
562,5802,64
563,5802,68
564,5802,72
565,5802,854
566,5802,108
567,5802,140
568,5802,148
569,5802,748
570,5802,231
571,5802,398
572,5802,417
573,5802,418
574,5802,426
575,5802,454
576,5802,466
577,5802,496
578,5802,524
579,5802,562
580,5802,807
581,5802,600
582,5802,498
583,5802,646
584,5802,728
585,5802,762
586,5802,795
587,5802,800
588,5802,860
589,5802,894
590,5802,716
591,5205,660
592,5205,28
593,5205,32
594,5205,533
595,5205,44
596,5205,52
597,5205,84
598,5205,68
599,5205,535
600,5205,76
601,5205,92
602,5205,136
603,5205,152
604,5205,170
605,5205,188
606,5205,192
607,5205,531
608,5205,212
609,5205,214
610,5205,218
611,5205,222
612,5205,238
613,5205,254
614,5205,308
615,5205,312
616,5205,320
617,5205,328
618,5205,332
619,5205,340
620,5205,388
621,5205,474
622,5205,484
623,5205,500
624,5205,530
625,5205,558
626,5205,591
627,5205,600
628,5205,604
629,5205,630
630,5205,652
631,5205,659
632,5205,662
633,5205,670
634,5205,663
635,5205,534
636,5205,239
637,5205,740
638,5205,780
639,5205,796
640,5205,850
641,5205,858
642,5205,862
643,5801,4
644,5801,24
645,5801,50
646,5801,204
647,5801,64
648,5801,854
649,5801,108
650,5801,116
651,5801,140
652,5801,148
653,5801,174
654,5801,180
655,5801,262
656,5801,232
657,5801,231
658,5801,230
659,5801,270
660,5801,324
661,5801,624
662,5801,332
663,5801,296
664,5801,418
665,5801,426
666,5801,430
667,5801,450
668,5801,454
669,5801,466
670,5801,478
671,5801,508
672,5801,104
673,5801,524
674,5801,562
675,5801,646
676,5801,678
677,5801,686
678,5801,694
679,5801,90
680,5801,706
681,5801,728
682,5801,729
683,5801,736
684,5801,626
685,5801,768
686,5801,798
687,5801,800
688,5801,834
689,5801,548
690,5801,887
691,5801,886
692,5801,720
693,5801,894
694,5858,4
695,5858,204
696,5858,854
697,5858,108
698,5858,140
699,5858,148
700,5858,174
701,5858,408
702,5858,180
703,5858,232
704,5858,231
705,5858,270
706,5858,324
707,5858,624
708,5858,332
709,5858,430
710,5858,450
711,5858,454
712,5858,466
713,5858,508
714,5858,524
715,5858,562
716,5858,646
717,5858,686
718,5858,694
719,5858,706
720,5858,728
721,5858,760
722,5858,762
723,5858,768
724,5858,800
725,5858,834
726,5858,887
727,5858,716
728,5815,4
729,5815,50
730,5815,204
731,5815,854
732,5815,108
733,5815,120
734,5815,140
735,5815,148
736,5815,174
737,5815,178
738,5815,384
739,5815,408
740,5815,180
741,5815,262
742,5815,232
743,5815,231
744,5815,230
745,5815,270
746,5815,288
747,5815,324
748,5815,624
749,5815,332
750,5815,356
751,5815,404
752,5815,417
753,5815,426
754,5815,430
755,5815,450
756,5815,454
757,5815,466
758,5815,478
759,5815,508
760,5815,524
761,5815,558
762,5815,562
763,5815,646
764,5815,678
765,5815,686
766,5815,694
767,5815,90
768,5815,706
769,5815,728
770,5815,729
771,5815,736
772,5815,760
773,5815,762
774,5815,768
775,5815,800
776,5815,834
777,5815,860
778,5815,704
779,5815,887
780,5815,886
781,5815,720
782,5815,716
783,5859,24
784,5859,50
785,5859,64
786,5859,68
787,5859,132
788,5859,116
789,5859,120
790,5859,178
791,5859,384
792,5859,262
793,5859,818
794,5859,222
795,5859,748
796,5859,268
797,5859,288
798,5859,340
799,5859,356
800,5859,360
801,5859,404
802,5859,296
803,5859,417
804,5859,418
805,5859,426
806,5859,478
807,5859,583
808,5859,496
809,5859,504
810,5859,104
811,5859,558
812,5859,566
813,5859,586
814,5859,275
815,5859,598
816,5859,608
817,5859,498
818,5859,678
819,5859,90
820,5859,144
821,5859,729
822,5859,626
823,5859,788
824,5859,804
825,5859,860
826,5859,548
827,5859,704
828,5859,894
829,5502,242
830,5502,540
831,5502,598
832,5502,90
833,5502,548
834,5503,316
835,5503,296
836,5503,584
837,5503,583
838,5503,57.01
839,5503,520
840,5503,580
841,5503,582
842,5503,585
843,5503,581
844,5102,24
845,5102,120
846,5102,140
847,5102,148
848,5102,178
849,5102,180
850,5102,226
851,5102,266
852,5102,678
853,5817,4
854,5817,24
855,5817,28
856,5817,50
857,5817,52
858,5817,204
859,5817,64
860,5817,72
861,5817,854
862,5817,108
863,5817,116
864,5817,140
865,5817,148
866,5817,174
867,5817,384
868,5817,192
869,5817,180
870,5817,262
871,5817,212
872,5817,214
873,5817,818
874,5817,222
875,5817,232
876,5817,748
877,5817,231
878,5817,230
879,5817,266
880,5817,270
881,5817,308
882,5817,324
883,5817,624
884,5817,332
885,5817,340
886,5817,388
887,5817,400
888,5817,404
889,5817,296
890,5817,418
891,5817,426
892,5817,430
893,5817,450
894,5817,454
895,5817,462
896,5817,466
897,5817,478
898,5817,480
899,5817,496
900,5817,504
901,5817,508
902,5817,104
903,5817,516
904,5817,524
905,5817,562
906,5817,586
907,5817,604
908,5817,646
909,5817,659
910,5817,662
911,5817,670
912,5817,678
913,5817,686
914,5817,694
915,5817,90
916,5817,706
917,5817,728
918,5817,144
919,5817,729
920,5817,736
921,5817,626
922,5817,768
923,5817,780
924,5817,788
925,5817,798
926,5817,800
927,5817,834
928,5817,548
929,5817,862
930,5817,887
931,5817,886
932,5817,720
933,5817,894
934,5849,4
935,5849,8
936,5849,12
937,5849,20
938,5849,24
939,5849,28
940,5849,32
941,5849,51
942,5849,31
943,5849,44
944,5849,48
945,5849,50
946,5849,52
947,5849,84
948,5849,204
949,5849,64
950,5849,68
951,5849,70
952,5849,72
953,5849,76
954,5849,96
955,5849,854
956,5849,108
957,5849,132
958,5849,116
959,5849,120
960,5849,140
961,5849,148
962,5849,152
963,5849,159
964,5849,344
965,5849,446
966,5849,156
967,5849,158
968,5849,170
969,5849,174
970,5849,178
971,5849,184
972,5849,188
973,5849,384
974,5849,192
975,5849,408
976,5849,180
977,5849,262
978,5849,212
979,5849,214
980,5849,218
981,5849,818
982,5849,222
983,5849,226
984,5849,232
985,5849,748
986,5849,231
987,5849,230
988,5849,242
989,5849,266
990,5849,270
991,5849,268
992,5849,288
993,5849,308
994,5849,320
995,5849,324
996,5849,624
997,5849,328
998,5849,332
999,5849,340
1000,5849,356
1001,5849,360
1002,5849,364
1003,5849,368
1004,5849,376
1005,5849,388
1006,5849,400
1007,5849,398
1008,5849,404
1009,5849,296
1010,5849,414
1011,5849,417
1012,5849,418
1013,5849,422
1014,5849,426
1015,5849,430
1016,5849,434
1017,5849,450
1018,5849,454
1019,5849,458
1020,5849,462
1021,5849,466
1022,5849,584
1023,5849,478
1024,5849,480
1025,5849,484
1026,5849,583
1027,5849,496
1028,5849,499
1029,5849,504
1030,5849,508
1031,5849,104
1032,5849,516
1033,5849,520
1034,5849,524
1035,5849,558
1036,5849,562
1037,5849,566
1038,5849,570
1039,5849,807
1040,5849,512
1041,5849,586
1042,5849,585
1043,5849,591
1044,5849,598
1045,5849,600
1046,5849,604
1047,5849,608
1048,5849,634
1049,5849,410
1050,5849,498
1051,5849,646
1052,5849,659
1053,5849,662
1054,5849,670
1055,5849,882
1056,5849,674
1057,5849,678
1058,5849,682
1059,5849,686
1060,5849,688
1061,5849,891
1062,5849,690
1063,5849,694
1064,5849,702
1065,5849,90
1066,5849,706
1067,5849,710
1068,5849,728
1069,5849,144
1070,5849,729
1071,5849,736
1072,5849,740
1073,5849,760
1074,5849,762
1075,5849,764
1076,5849,626
1077,5849,768
1078,5849,776
1079,5849,780
1080,5849,788
1081,5849,795
1082,5849,798
1083,5849,800
1084,5849,784
1085,5849,834
1086,5849,858
1087,5849,860
1088,5849,548
1089,5849,862
1090,5849,704
1091,5849,887
1092,5849,890
1093,5849,894
1094,5849,716
1095,336,124
1096,336,312
1097,336,320
1098,336,388
1099,336,474
1100,336,558
1101,336,591
1102,336,630
1103,336,659
1104,336,662
1105,336,670
1106,336,780
1107,336,840
1108,336,850
1109,5103,12
1110,5103,818
1111,5103,434
1112,5103,504
1113,5103,729
1114,5103,736
1115,5103,788
1116,5103,732
1117,429,12
1118,429,818
1119,429,434
1120,429,504
1121,429,788
1122,429,732
1123,5203,60
1124,5203,124
1125,5203,304
1126,5203,21.01
1127,5203,666
1128,5203,840
1129,5208,8
1130,5208,20
1131,5208,40
1132,5208,112
1133,5208,56
1134,5208,60
1135,5208,70
1136,5208,100
1137,5208,124
1138,5208,191
1139,5208,203
1140,5208,208
1141,5208,233
1142,5208,246
1143,5208,250
1144,5208,276
1145,5208,300
1146,5208,304
1147,5208,348
1148,5208,352
1149,5208,372
1150,5208,380
1151,5208,428
1152,5208,440
1153,5208,442
1154,5208,470
1155,5208,499
1156,5208,528
1157,5208,807
1158,5208,578
1159,5208,616
1160,5208,620
1161,5208,498
1162,5208,642
1163,5208,643
1164,5208,688
1165,5208,703
1166,5208,705
1167,5208,724
1168,5208,752
1169,5208,756
1170,5208,804
1171,5208,826
1172,5208,840
1173,5402,248
1174,5402,830
1175,5402,208
1176,5402,233
1177,5402,234
1178,5402,246
1179,5402,831
1180,5402,352
1181,5402,372
1182,5402,833
1183,5402,832
1184,5402,428
1185,5402,440
1186,5402,154.01
1187,5402,578
1188,5402,744
1189,5402,752
1190,5402,826
1191,5500,16
1192,5500,36
1193,5500,162
1194,5500,166
1195,5500,184
1196,5500,242
1197,5500,258
1198,5500,316
1199,5500,334
1200,5500,396
1201,5500,296
1202,5500,584
1203,5500,583
1204,5500,57.01
1205,5500,488
1206,5500,520
1207,5500,540
1208,5500,554
1209,5500,570
1210,5500,574
1211,5500,580
1212,5500,582
1213,5500,585
1214,5500,598
1215,5500,612
1216,5500,286
1217,5500,882
1218,5500,90
1219,5500,772
1220,5500,776
1221,5500,798
1222,5500,581
1223,5500,548
1224,5500,872
1225,5500,876
1226,5807,16
1227,5807,184
1228,5807,242
1229,5807,258
1230,5807,296
1231,5807,584
1232,5807,583
1233,5807,520
1234,5807,540
1235,5807,570
1236,5807,585
1237,5807,598
1238,5807,882
1239,5807,90
1240,5807,772
1241,5807,776
1242,5807,798
1243,5807,548
1244,5873,36
1245,5873,40
1246,5873,56
1247,5873,58
1248,5873,124
1249,5873,152
1250,5873,203
1251,5873,208
1252,5873,233
1253,5873,246
1254,5873,250
1255,5873,276
1256,5873,300
1257,5873,348
1258,5873,352
1259,5873,372
1260,5873,376
1261,5873,380
1262,5873,392
1263,5873,428
1264,5873,442
1265,5873,484
1266,5873,528
1267,5873,554
1268,5873,578
1269,5873,616
1270,5873,620
1271,5873,410
1272,5873,703
1273,5873,705
1274,5873,724
1275,5873,752
1276,5873,756
1277,5873,792
1278,5873,826
1279,5873,840
1280,5504,16
1281,5504,184
1282,5504,258
1283,5504,570
1284,5504,612
1285,5504,286
1286,5504,882
1287,5504,772
1288,5504,776
1289,5504,798
1290,5504,872
1291,5504,876
1292,5803,16
1293,5803,660
1294,5803,28
1295,5803,533
1296,5803,44
1297,5803,48
1298,5803,52
1299,5803,84
1300,5803,60
1301,5803,92
1302,5803,132
1303,5803,136
1304,5803,174
1305,5803,184
1306,5803,192
1307,5803,531
1308,5803,212
1309,5803,214
1310,5803,242
1311,5803,258
1312,5803,308
1313,5803,312
1314,5803,316
1315,5803,624
1316,5803,328
1317,5803,332
1318,5803,388
1319,5803,296
1320,5803,462
1321,5803,584
1322,5803,474
1323,5803,480
1324,5803,583
1325,5803,500
1326,5803,520
1327,5803,540
1328,5803,570
1329,5803,580
1330,5803,585
1331,5803,598
1332,5803,630
1333,5803,659
1334,5803,662
1335,5803,670
1336,5803,882
1337,5803,678
1338,5803,690
1339,5803,702
1340,5803,534
1341,5803,90
1342,5803,740
1343,5803,626
1344,5803,776
1345,5803,780
1346,5803,796
1347,5803,798
1348,5803,850
1349,5803,548
1350,5207,32
1351,5207,68
1352,5207,74
1353,5207,76
1354,5207,152
1355,5207,170
1356,5207,218
1357,5207,238
1358,5207,254
1359,5207,328
1360,5207,600
1361,5207,604
1362,5207,283
1363,5207,239
1364,5207,740
1365,5207,858
1366,5207,862
1367,5304,96
1368,5304,116
1369,5304,360
1370,5304,418
1371,5304,458
1372,5304,104
1373,5304,608
1374,5304,702
1375,5304,764
1376,5304,626
1377,5304,704
1378,5104,72
1379,5104,748
1380,5104,426
1381,5104,516
1382,5104,710
1383,5303,4
1384,5303,50
1385,5303,64
1386,5303,356
1387,5303,364
1388,5303,462
1389,5303,524
1390,5303,586
1391,5303,144
1392,5855,4
1393,5855,50
1394,5855,64
1395,5855,364
1396,5855,462
1397,5855,524
1398,5855,586
1399,5855,144
1400,5403,8
1401,5403,20
1402,5403,70
1403,5403,191
1404,5403,292
1405,5403,300
1406,5403,336
1407,5403,380
1408,5403,412
1409,5403,470
1410,5403,499
1411,5403,807
1412,5403,620
1413,5403,674
1414,5403,688
1415,5403,891
1416,5403,705
1417,5403,715
1418,5403,724
1419,5403,890
1420,420,24
1421,420,204
1422,420,72
1423,420,854
1424,420,108
1425,420,132
1426,420,120
1427,420,140
1428,420,148
1429,420,86
1430,420,174
1431,420,178
1432,420,384
1433,420,180
1434,420,262
1435,420,226
1436,420,232
1437,420,748
1438,420,231
1439,420,260
1440,420,266
1441,420,270
1442,420,288
1443,420,324
1444,420,624
1445,420,404
1446,420,426
1447,420,430
1448,420,450
1449,420,454
1450,420,466
1451,420,478
1452,420,480
1453,420,175
1454,420,508
1455,420,516
1456,420,562
1457,420,566
1458,420,638
1459,420,646
1460,420,654
1461,420,678
1462,420,686
1463,420,690
1464,420,694
1465,420,706
1466,420,710
1467,420,728
1468,420,768
1469,420,800
1470,420,834
1471,420,894
1472,420,716
1473,5810,24
1474,5810,204
1475,5810,72
1476,5810,854
1477,5810,108
1478,5810,132
1479,5810,120
1480,5810,140
1481,5810,148
1482,5810,174
1483,5810,178
1484,5810,384
1485,5810,180
1486,5810,262
1487,5810,226
1488,5810,232
1489,5810,748
1490,5810,231
1491,5810,266
1492,5810,270
1493,5810,288
1494,5810,324
1495,5810,624
1496,5810,404
1497,5810,426
1498,5810,430
1499,5810,450
1500,5810,454
1501,5810,466
1502,5810,478
1503,5810,480
1504,5810,508
1505,5810,516
1506,5810,562
1507,5810,566
1508,5810,646
1509,5810,678
1510,5810,686
1511,5810,690
1512,5810,694
1513,5810,706
1514,5810,710
1515,5810,728
1516,5810,729
1517,5810,768
1518,5810,800
1519,5810,834
1520,5810,894
1521,5810,716
1522,9011,8
1523,9011,12
1524,9011,16
1525,9011,51
1526,9011,31
1527,9011,112
1528,9011,84
1529,9011,70
1530,9011,72
1531,9011,76
1532,9011,100
1533,9011,156
1534,9011,170
1535,9011,188
1536,9011,192
1537,9011,212
1538,9011,214
1539,9011,218
1540,9011,226
1541,9011,242
1542,9011,266
1543,9011,308
1544,9011,320
1545,9011,328
1546,9011,364
1547,9011,368
1548,9011,388
1549,9011,400
1550,9011,398
1551,9011,422
1552,9011,434
1553,9011,458
1554,9011,462
1555,9011,584
1556,9011,480
1557,9011,484
1558,9011,499
1559,9011,516
1560,9011,520
1561,9011,807
1562,9011,600
1563,9011,604
1564,9011,642
1565,9011,643
1566,9011,662
1567,9011,670
1568,9011,882
1569,9011,688
1570,9011,710
1571,9011,740
1572,9011,764
1573,9011,776
1574,9011,792
1575,9011,795
1576,9011,798
1577,9011,862
1578,5105,204
1579,5105,854
1580,5105,132
1581,5105,384
1582,5105,270
1583,5105,288
1584,5105,324
1585,5105,624
1586,5105,430
1587,5105,466
1588,5105,478
1589,5105,562
1590,5105,566
1591,5105,654
1592,5105,686
1593,5105,694
1594,5105,768
1595,5105,875
1596,5305,51
1597,5305,31
1598,5305,48
1599,5305,196
1600,5305,268
1601,5305,368
1602,5305,376
1603,5305,400
1604,5305,414
1605,5305,422
1606,5305,512
1607,5305,275
1608,5305,634
1609,5305,682
1610,5305,760
1611,5305,792
1612,5305,784
1613,5305,887
1614,5305,886
1615,5305,720
1616,5828,48
1617,5828,368
1618,5828,400
1619,5828,414
1620,5828,422
1621,5828,512
1622,5828,275
1623,5828,634
1624,5828,682
1625,5828,760
1626,5828,792
1627,5828,784
1628,5828,887
1629,5308,12
1630,5308,51
1631,5308,31
1632,5308,48
1633,5308,196
1634,5308,818
1635,5308,268
1636,5308,368
1637,5308,376
1638,5308,400
1639,5308,414
1640,5308,422
1641,5308,434
1642,5308,504
1643,5308,512
1644,5308,275
1645,5308,634
1646,5308,682
1647,5308,729
1648,5308,760
1649,5308,788
1650,5308,792
1651,5308,784
1652,5308,887
1653,5404,40
1654,5404,56
1655,5404,58
1656,5404,250
1657,5404,276
1658,5404,438
1659,5404,442
1660,5404,492
1661,5404,528
1662,5404,756
1663,5404,155.01
1664,5000,4
1665,5000,248
1666,5000,8
1667,5000,12
1668,5000,16
1669,5000,20
1670,5000,24
1671,5000,660
1672,5000,10
1673,5000,28
1674,5000,32
1675,5000,51
1676,5000,533
1677,5000,36
1678,5000,40
1679,5000,31
1680,5000,44
1681,5000,48
1682,5000,50
1683,5000,52
1684,5000,112
1685,5000,56
1686,5000,58
1687,5000,84
1688,5000,204
1689,5000,60
1690,5000,64
1691,5000,68
1692,5000,535
1693,5000,70
1694,5000,72
1695,5000,74
1696,5000,76
1697,5000,92
1698,5000,96
1699,5000,100
1700,5000,854
1701,5000,108
1702,5000,132
1703,5000,116
1704,5000,120
1705,5000,124
1706,5000,29.01
1707,5000,136
1708,5000,140
1709,5000,148
1710,5000,86
1711,5000,830
1712,5000,152
1713,5000,159
1714,5000,344
1715,5000,446
1716,5000,156
1717,5000,158
1718,5000,162
1719,5000,166
1720,5000,170
1721,5000,174
1722,5000,178
1723,5000,184
1724,5000,188
1725,5000,384
1726,5000,191
1727,5000,192
1728,5000,531
1729,5000,196
1730,5000,203
1731,5000,200
1732,5000,408
1733,5000,180
1734,5000,208
1735,5000,262
1736,5000,212
1737,5000,214
1738,5000,218
1739,5000,818
1740,5000,222
1741,5000,226
1742,5000,232
1743,5000,233
1744,5000,748
1745,5000,231
1746,5000,230
1747,5000,238
1748,5000,234
1749,5000,242
1750,5000,246
1751,5000,250
1752,5000,254
1753,5000,258
1754,5000,260
1755,5000,266
1756,5000,270
1757,5000,268
1758,5000,276
1759,5000,280
1760,5000,278
1761,5000,288
1762,5000,292
1763,5000,300
1764,5000,304
1765,5000,308
1766,5000,312
1767,5000,316
1768,5000,320
1769,5000,831
1770,5000,324
1771,5000,624
1772,5000,328
1773,5000,332
1774,5000,334
1775,5000,336
1776,5000,340
1777,5000,348
1778,5000,352
1779,5000,356
1780,5000,360
1781,5000,364
1782,5000,368
1783,5000,372
1784,5000,833
1785,5000,376
1786,5000,380
1787,5000,388
1788,5000,392
1789,5000,832
1790,5000,396
1791,5000,400
1792,5000,398
1793,5000,404
1794,5000,296
1795,5000,412
1796,5000,414
1797,5000,417
1798,5000,418
1799,5000,428
1800,5000,422
1801,5000,426
1802,5000,430
1803,5000,434
1804,5000,438
1805,5000,440
1806,5000,442
1807,5000,450
1808,5000,454
1809,5000,458
1810,5000,462
1811,5000,466
1812,5000,470
1813,5000,584
1814,5000,474
1815,5000,478
1816,5000,480
1817,5000,175
1818,5000,484
1819,5000,583
1820,5000,57.01
1821,5000,488
1822,5000,492
1823,5000,496
1824,5000,499
1825,5000,500
1826,5000,504
1827,5000,508
1828,5000,104
1829,5000,516
1830,5000,520
1831,5000,524
1832,5000,528
1833,5000,530
1834,5000,540
1835,5000,554
1836,5000,558
1837,5000,562
1838,5000,566
1839,5000,570
1840,5000,574
1841,5000,807
1842,5000,21.01
1843,5000,154.01
1844,5000,580
1845,5000,578
1846,5000,512
1847,5000,582
1848,5000,586
1849,5000,585
1850,5000,275
1851,5000,591
1852,5000,598
1853,5000,600
1854,5000,604
1855,5000,608
1856,5000,612
1857,5000,616
1858,5000,286
1859,5000,620
1860,5000,630
1861,5000,634
1862,5000,410
1863,5000,498
1864,5000,638
1865,5000,642
1866,5000,643
1867,5000,646
1868,5000,652
1869,5000,654
1870,5000,659
1871,5000,662
1872,5000,666
1873,5000,670
1874,5000,663
1875,5000,882
1876,5000,674
1877,5000,678
1878,5000,682
1879,5000,686
1880,5000,688
1881,5000,891
1882,5000,690
1883,5000,694
1884,5000,702
1885,5000,534
1886,5000,703
1887,5000,705
1888,5000,90
1889,5000,706
1890,5000,710
1891,5000,283
1892,5000,239
1893,5000,728
1894,5000,715
1895,5000,724
1896,5000,144
1897,5000,729
1898,5000,736
1899,5000,740
1900,5000,744
1901,5000,752
1902,5000,756
1903,5000,760
1904,5000,762
1905,5000,764
1906,5000,626
1907,5000,768
1908,5000,772
1909,5000,776
1910,5000,780
1911,5000,788
1912,5000,792
1913,5000,795
1914,5000,796
1915,5000,798
1916,5000,800
1917,5000,804
1918,5000,784
1919,5000,826
1920,5000,834
1921,5000,581
1922,5000,840
1923,5000,850
1924,5000,858
1925,5000,810
1926,5000,860
1927,5000,548
1928,5000,862
1929,5000,704
1930,5000,872
1931,5000,876
1932,5000,875
1933,5000,155.01
1934,5000,732
1935,5000,887
1936,5000,886
1937,5000,720
1938,5000,890
1939,5000,894
1940,5000,716
